"env_name,mean,iqm,std,seed"
"Assault,2133.98,2180.88,445.01422,7783"
"Assault,2047.26,1995.86,453.6222473218285,7784"
"Assault,1977.31,2013.12,371.49469960786064,8223"
"Alien,855.6,853.4,39.56,8219"
"Alien,1246.8,1230.0,0.0,7779"
"Alien,1036.6,987.6,32.36,7780"
"Amidar,112.52,110.0,0.0,7781"
"Amidar,362.38,377.0,0.0,7782"
"Amidar,241.24,241.0,0.0,8001"
"Asterix,5694.0,5800.0,0.0,8226"
"Asterix,2846.5,2700,0.0,7786"
"Asterix,4206.0,3600.0,0.0,8005"
"BankHeist,267.7,270.0,0.0,8012"
