env_name,mean,iqm,std,seed
Assault,2133.98,2180.88,445.01422,7783
Assault,2047.26,1995.86,453.6222473218285,7784
Assault,1977.31,2013.12,371.49469960786064,8223
Alien,855.6,853.4,39.56,8219
